{
    "metrics": {
        "http_req_blocked": {
            "p(99)": 0.13917076000000142,
            "p(50)": 0.006007,
            "avg": 0.014704902439024376,
            "min": 0.001556,
            "med": 0.006007,
            "max": 3.104583,
            "p(95)": 0.017815799999999996
        },
        "http_req_failed": {
            "passes": 0,
            "fails": 2009,
            "value": 0
        },
        "http_req_tls_handshaking": {
            "p(99)": 0,
            "p(50)": 0,
            "avg": 0,
            "min": 0,
            "med": 0,
            "max": 0,
            "p(95)": 0
        },
        "http_req_sending": {
            "min": 0.00685,
            "med": 0.019456,
            "max": 0.599931,
            "p(95)": 0.07004039999999997,
            "p(99)": 0.10684864000000001,
            "p(50)": 0.019456,
            "avg": 0.028684415629666542
        },
        "checks": {
            "passes": 4018,
            "fails": 0,
            "value": 1
        },
        "errors": {
            "fails": 2009,
            "passes": 0,
            "thresholds": {
                "rate<0.01": false
            },
            "value": 0
        },
        "data_received": {
            "count": 769447,
            "rate": 10939.460820427026
        },
        "http_reqs": {
            "count": 2009,
            "rate": 28.562560888843414
        },
        "data_sent": {
            "count": 148666,
            "rate": 2113.6295057744123
        },
        "http_req_duration{expected_response:true}": {
            "avg": 1.6966730676953714,
            "min": 0.614236,
            "med": 1.620935,
            "max": 21.615607,
            "p(95)": 2.3523052,
            "p(99)": 2.7447345600000004,
            "p(50)": 1.620935
        },
        "http_req_connecting": {
            "p(95)": 0,
            "p(99)": 0,
            "p(50)": 0,
            "avg": 0.004426102538576407,
            "min": 0,
            "med": 0,
            "max": 0.658372
        },
        "http_req_waiting": {
            "min": 0.554341,
            "med": 1.506916,
            "max": 21.52726,
            "p(95)": 2.1963323999999993,
            "p(99)": 2.5822131200000014,
            "p(50)": 1.506916,
            "avg": 1.5838519990044808
        },
        "iterations": {
            "count": 2009,
            "rate": 28.562560888843414
        },
        "http_req_duration": {
            "p(95)": 2.3523052,
            "p(99)": 2.7447345600000004,
            "p(50)": 1.620935,
            "avg": 1.6966730676953714,
            "min": 0.614236,
            "med": 1.620935,
            "max": 21.615607,
            "thresholds": {
                "p(95)<500": false
            }
        },
        "vus": {
            "value": 1,
            "min": 1,
            "max": 20
        },
        "http_req_receiving": {
            "p(99)": 0.17012792000000004,
            "p(50)": 0.082282,
            "avg": 0.08413665306122456,
            "min": 0.008949,
            "med": 0.082282,
            "max": 0.362652,
            "p(95)": 0.1347852
        },
        "vus_max": {
            "max": 20,
            "value": 20,
            "min": 20
        },
        "iteration_duration": {
            "p(95)": 503.51354399999997,
            "p(99)": 503.97783796,
            "p(50)": 502.549066,
            "avg": 502.58575300497813,
            "min": 500.854669,
            "med": 502.549066,
            "max": 522.913043
        }
    },
    "root_group": {
        "id": "d41d8cd98f00b204e9800998ecf8427e",
        "groups": {},
        "checks": {
                "status is 200": {
                    "path": "::status is 200",
                    "id": "6210a8cd14cd70477eba5c5e4cb3fb5f",
                    "passes": 2009,
                    "fails": 0,
                    "name": "status is 200"
                },
                "response time < 500ms": {
                    "fails": 0,
                    "name": "response time < 500ms",
                    "path": "::response time < 500ms",
                    "id": "3e02485a995423a591645f4eee6c60eb",
                    "passes": 2009
                }
            },
        "name": "",
        "path": ""
    }
}